,customer_id,date,transaction_amount,plan_type,issuing_date
0,0.0,0.0,193.524658235208,0.0,33.0
1,0.0,1.0,303.342657256548,2.0,33.0
2,0.0,2.0,38.46096996241769,2.0,33.0
3,0.0,3.0,356.955563120062,1.0,33.0
4,0.0,4.0,417.896893992207,2.0,33.0
5,0.0,5.0,254.53082436324854,1.0,33.0
6,0.0,6.0,221.653059134637,2.0,33.0
7,0.0,7.0,78.3519917195005,2.0,33.0
8,0.0,8.0,233.474292266348,1.0,33.0
9,0.0,9.0,261.97487482267,2.0,33.0
10,0.0,10.0,307.696977431705,0.0,33.0
11,0.0,11.0,41.875280562787,0.0,33.0
12,12.0,0.0,483.159696206534,1.0,2.0
13,12.0,1.0,57.859335863128095,2.0,2.0
14,12.0,2.0,69.7987350739416,1.0,2.0
15,12.0,3.0,455.566997018603,1.0,2.0
16,12.0,4.0,334.635919333451,1.0,2.0
17,12.0,5.0,264.833330377127,1.0,2.0
18,12.0,6.0,100.578683207508,0.0,2.0
19,12.0,7.0,389.815083446946,2.0,2.0
20,12.0,8.0,448.465401709548,1.0,2.0
21,12.0,9.0,461.7183751613271,0.0,2.0
22,12.0,10.0,106.031602585381,0.0,2.0
23,12.0,11.0,169.411862074,1.0,2.0
24,23.0,0.0,142.961025569209,2.0,28.0
25,23.0,1.0,147.657909746817,1.0,28.0
26,23.0,2.0,403.07652056947904,0.0,28.0
27,23.0,3.0,388.399936955362,0.0,28.0
28,23.0,4.0,409.576099942869,0.0,28.0
29,23.0,5.0,367.213512340084,1.0,28.0
30,23.0,6.0,46.28187934970431,0.0,28.0
31,23.0,7.0,66.7758391673136,1.0,28.0
32,23.0,8.0,315.416082145503,0.0,28.0
33,23.0,9.0,41.1435916401516,0.0,28.0
34,23.0,10.0,169.339827793106,0.0,28.0
35,23.0,11.0,322.403160964054,2.0,28.0
36,34.0,0.0,241.385313329355,2.0,33.0
37,34.0,1.0,382.78467382228,1.0,33.0
38,34.0,2.0,251.959842218551,2.0,33.0
39,34.0,3.0,22.4553721046066,0.0,33.0
40,34.0,4.0,321.841101519252,1.0,33.0
41,34.0,5.0,259.199638670704,0.0,33.0
42,34.0,6.0,132.153192282949,0.0,33.0
43,34.0,7.0,380.220057886094,1.0,33.0
44,34.0,8.0,47.7201558161086,0.0,33.0
45,34.0,9.0,88.9984307544622,0.0,33.0
46,34.0,10.0,405.978985986564,1.0,33.0
47,34.0,11.0,437.015689191982,0.0,33.0
48,45.0,0.0,101.419328854158,0.0,6.0
49,45.0,1.0,405.64567603039103,2.0,6.0
50,45.0,2.0,63.9254430185616,1.0,6.0
51,45.0,3.0,410.827235302022,0.0,6.0
52,45.0,4.0,260.266178263007,2.0,6.0
53,45.0,5.0,118.832827130658,0.0,6.0
54,45.0,6.0,175.431433987778,0.0,6.0
55,45.0,7.0,168.36943669017,0.0,6.0
56,45.0,8.0,354.479289858637,2.0,6.0
57,45.0,9.0,486.17322053327104,1.0,6.0
58,45.0,10.0,133.373324954428,0.0,6.0
59,45.0,11.0,157.430371810217,1.0,6.0
60,56.0,0.0,28.0746042037211,0.0,5.0
61,56.0,1.0,35.2245881124948,0.0,5.0
62,56.0,2.0,127.385326426816,0.0,5.0
63,56.0,3.0,492.968722514194,0.0,5.0
64,56.0,4.0,383.193611511072,2.0,5.0
65,56.0,5.0,190.213735032434,0.0,5.0
66,56.0,6.0,272.529595196632,2.0,5.0
67,56.0,7.0,167.182231836151,2.0,5.0
68,56.0,8.0,299.537542162239,1.0,5.0
69,56.0,9.0,18.1280361746495,1.0,5.0
70,56.0,10.0,120.98292984699,2.0,5.0
71,56.0,11.0,95.4395502124458,1.0,5.0
72,67.0,0.0,199.500319687263,2.0,29.0
73,67.0,1.0,177.122512014627,0.0,29.0
74,67.0,2.0,439.896283156681,1.0,29.0
75,67.0,3.0,410.438878098596,0.0,29.0
76,67.0,4.0,128.507622541221,2.0,29.0
77,67.0,5.0,451.204848010032,1.0,29.0
78,67.0,6.0,181.112691560204,2.0,29.0
79,67.0,7.0,444.672347889908,0.0,29.0
80,67.0,8.0,51.228582847573904,2.0,29.0
81,67.0,9.0,307.150239233199,1.0,29.0
82,67.0,10.0,335.115866862947,0.0,29.0
83,67.0,11.0,278.879556789627,2.0,29.0
84,78.0,0.0,119.891961635674,2.0,40.0
85,78.0,1.0,169.445852098041,2.0,40.0
86,78.0,2.0,426.119471142147,1.0,40.0
87,78.0,3.0,55.9006362357653,2.0,40.0
88,78.0,4.0,129.554925255751,2.0,40.0
89,78.0,5.0,447.102812036786,0.0,40.0
90,78.0,6.0,256.292175621544,2.0,40.0
91,78.0,7.0,105.669064021042,0.0,40.0
92,78.0,8.0,21.9148235514124,2.0,40.0
93,78.0,9.0,470.824706332928,1.0,40.0
94,78.0,10.0,191.377763125168,1.0,40.0
95,78.0,11.0,219.810232675484,0.0,40.0
96,89.0,0.0,427.974633179006,2.0,4.0
97,89.0,1.0,427.05696904326,2.0,4.0
98,89.0,2.0,282.832618604592,0.0,4.0
99,89.0,3.0,289.329973343789,1.0,4.0
100,89.0,4.0,495.126386551089,0.0,4.0
101,89.0,5.0,439.912805244698,1.0,4.0
102,89.0,6.0,354.217201153684,2.0,4.0
103,89.0,7.0,406.586966184472,1.0,4.0
104,89.0,8.0,457.487870752671,0.0,4.0
105,89.0,9.0,401.16463769372,0.0,4.0
106,89.0,10.0,399.93840802369,2.0,4.0
107,89.0,11.0,194.035646793573,1.0,4.0
108,1.0,0.0,27.6117141604036,0.0,47.0
109,1.0,1.0,150.405213542859,2.0,47.0
110,1.0,2.0,28.3006124871151,0.0,47.0
111,1.0,3.0,186.493414291519,0.0,47.0
112,1.0,4.0,265.899197426854,1.0,47.0
113,1.0,5.0,115.752303473453,2.0,47.0
114,1.0,6.0,51.8202578469463,1.0,47.0
115,1.0,7.0,270.363769468393,1.0,47.0
116,1.0,8.0,322.340651734121,2.0,47.0
117,1.0,9.0,488.167518936642,2.0,47.0
118,1.0,10.0,168.248671741211,0.0,47.0
119,1.0,11.0,142.707803118416,2.0,47.0
120,3.0,0.0,48.4436268577103,0.0,52.0
121,3.0,1.0,419.63025905098095,1.0,52.0
122,3.0,2.0,94.9142168347144,1.0,52.0
123,3.0,3.0,279.121065705999,2.0,52.0
124,3.0,4.0,147.167609503512,2.0,52.0
125,3.0,5.0,281.633485730586,2.0,52.0
126,3.0,6.0,131.388184855567,1.0,52.0
127,3.0,7.0,17.0528094285804,0.0,52.0
128,3.0,8.0,29.9571131362954,2.0,52.0
129,3.0,9.0,354.792351096212,0.0,52.0
130,3.0,10.0,57.9387387189907,1.0,52.0
131,3.0,11.0,242.001167682477,0.0,52.0
132,4.0,0.0,222.587308126607,1.0,23.0
133,4.0,1.0,321.195888925146,2.0,23.0
134,4.0,2.0,316.671358699976,0.0,23.0
135,4.0,3.0,332.759879493283,2.0,23.0
136,4.0,4.0,324.785446321095,2.0,23.0
137,4.0,5.0,470.712818298229,1.0,23.0
138,4.0,6.0,325.211227036753,1.0,23.0
139,4.0,7.0,471.317756300497,1.0,23.0
140,4.0,8.0,453.621814558471,2.0,23.0
141,4.0,9.0,59.3812206749391,1.0,23.0
142,4.0,10.0,344.673318974015,1.0,23.0
143,4.0,11.0,423.988902375033,0.0,23.0
144,5.0,0.0,148.108839638966,2.0,31.0
145,5.0,1.0,318.181994922143,0.0,31.0
146,5.0,2.0,403.705655888576,2.0,31.0
147,5.0,3.0,377.801228304021,1.0,31.0
148,5.0,4.0,212.182661686599,0.0,31.0
149,5.0,5.0,176.993734723979,1.0,31.0
150,5.0,6.0,220.207073413759,1.0,31.0
151,5.0,7.0,60.530695729607,1.0,31.0
152,5.0,8.0,414.964158392793,1.0,31.0
153,5.0,9.0,200.70882257974,0.0,31.0
154,5.0,10.0,54.7304716252054,1.0,31.0
155,5.0,11.0,475.797501999402,2.0,31.0
156,6.0,0.0,229.738305769377,1.0,32.0
157,6.0,1.0,339.534043477749,0.0,32.0
158,6.0,2.0,396.912889969331,0.0,32.0
159,6.0,3.0,38.2037924081557,2.0,32.0
160,6.0,4.0,444.975049551567,2.0,32.0
161,6.0,5.0,80.0659242058896,2.0,32.0
162,6.0,6.0,59.5501113001672,2.0,32.0
163,6.0,7.0,45.6538731184548,1.0,32.0
164,6.0,8.0,49.8609025145309,0.0,32.0
165,6.0,9.0,193.392689920499,2.0,32.0
166,6.0,10.0,474.1518029180911,1.0,32.0
167,6.0,11.0,194.367196910149,1.0,32.0
168,7.0,0.0,283.618082370544,1.0,43.0
169,7.0,1.0,64.4867663300142,0.0,43.0
170,7.0,2.0,239.643714577122,2.0,43.0
171,7.0,3.0,68.2207789713552,1.0,43.0
172,7.0,4.0,328.113048036871,2.0,43.0
173,7.0,5.0,295.850694897608,0.0,43.0
174,7.0,6.0,193.686583966615,2.0,43.0
175,7.0,7.0,435.613572812836,0.0,43.0
176,7.0,8.0,481.9790443259,1.0,43.0
177,7.0,9.0,485.240625086743,2.0,43.0
178,7.0,10.0,446.660125712055,2.0,43.0
179,7.0,11.0,496.552750098457,1.0,43.0
180,8.0,0.0,281.388599356647,0.0,0.0
181,8.0,1.0,318.405332686279,0.0,0.0
182,8.0,2.0,317.503459241191,2.0,0.0
183,8.0,3.0,32.2687263673144,0.0,0.0
184,8.0,4.0,446.229254106549,2.0,0.0
185,8.0,5.0,145.916779660755,1.0,0.0
186,8.0,6.0,183.142591732766,2.0,0.0
187,8.0,7.0,487.453455756422,2.0,0.0
188,8.0,8.0,272.687219508619,0.0,0.0
189,8.0,9.0,345.518274551401,2.0,0.0
190,8.0,10.0,413.043249032353,2.0,0.0
191,8.0,11.0,310.573446008537,2.0,0.0
192,9.0,0.0,434.3713058552,2.0,16.0
193,9.0,1.0,194.467049770244,2.0,16.0
194,9.0,2.0,493.765303364323,2.0,16.0
195,9.0,3.0,301.124050522546,0.0,16.0
196,9.0,4.0,485.258054929156,2.0,16.0
197,9.0,5.0,420.781065308458,2.0,16.0
198,9.0,6.0,213.261556145456,1.0,16.0
199,9.0,7.0,37.6239933589543,0.0,16.0
200,9.0,8.0,408.321494473738,1.0,16.0
201,9.0,9.0,498.352050166214,1.0,16.0
202,9.0,10.0,386.80383343845,1.0,16.0
203,9.0,11.0,426.327221431932,2.0,16.0
204,10.0,0.0,230.766626301946,0.0,10.0
205,10.0,1.0,307.025570880931,1.0,10.0
206,10.0,2.0,312.882837824369,0.0,10.0
207,10.0,3.0,339.070865840472,0.0,10.0
208,10.0,4.0,264.880115544877,0.0,10.0
209,10.0,5.0,284.859606052339,0.0,10.0
210,10.0,6.0,75.667461940814,2.0,10.0
211,10.0,7.0,313.951680163198,0.0,10.0
212,10.0,8.0,76.8220230375172,0.0,10.0
213,10.0,9.0,299.05966655877,1.0,10.0
214,10.0,10.0,453.037760301937,0.0,10.0
215,10.0,11.0,393.98997624316,2.0,10.0
216,11.0,0.0,432.55821728590496,0.0,31.0
217,11.0,1.0,464.027936329132,2.0,31.0
218,11.0,2.0,234.976520556748,1.0,31.0
219,11.0,3.0,171.088289040879,2.0,31.0
220,11.0,4.0,47.1730307732453,0.0,31.0
221,11.0,5.0,84.4323198210242,2.0,31.0
222,11.0,6.0,99.121241355581,1.0,31.0
223,11.0,7.0,242.241203728807,2.0,31.0
224,11.0,8.0,104.221619216249,1.0,31.0
225,11.0,9.0,146.50926612566,0.0,31.0
226,11.0,10.0,69.1115768392944,0.0,31.0
227,11.0,11.0,188.492231913557,1.0,31.0
228,13.0,0.0,29.2629485221385,1.0,17.0
229,13.0,1.0,50.0619256549472,0.0,17.0
230,13.0,2.0,39.9282003288832,1.0,17.0
231,13.0,3.0,376.647248287993,2.0,17.0
232,13.0,4.0,191.531330367777,2.0,17.0
233,13.0,5.0,190.767683389188,1.0,17.0
234,13.0,6.0,27.974769416393,2.0,17.0
235,13.0,7.0,448.651350466728,1.0,17.0
236,13.0,8.0,62.51428555649031,1.0,17.0
237,13.0,9.0,128.810546781018,0.0,17.0
238,13.0,10.0,19.8348869110859,2.0,17.0
239,13.0,11.0,170.473702567178,2.0,17.0
240,14.0,0.0,300.860302241484,2.0,15.0
241,14.0,1.0,254.236677475238,0.0,15.0
242,14.0,2.0,297.552147830231,1.0,15.0
243,14.0,3.0,72.5143483698263,2.0,15.0
244,14.0,4.0,326.499448252485,1.0,15.0
245,14.0,5.0,493.39247190856,0.0,15.0
246,14.0,6.0,59.8734115839978,0.0,15.0
247,14.0,7.0,88.7338728971823,1.0,15.0
248,14.0,8.0,94.9530616944299,0.0,15.0
249,14.0,9.0,267.010580889425,0.0,15.0
250,14.0,10.0,64.8990620623457,2.0,15.0
251,14.0,11.0,434.09849168805,1.0,15.0
252,15.0,0.0,93.7349178211323,1.0,16.0
253,15.0,1.0,254.53082436324854,0.0,16.0
254,15.0,2.0,387.051537264049,1.0,16.0
255,15.0,3.0,218.463854922044,0.0,16.0
256,15.0,4.0,66.2700441222097,1.0,16.0
257,15.0,5.0,294.80672849708,1.0,16.0
258,15.0,6.0,270.968821950277,1.0,16.0
259,15.0,7.0,75.8631917000974,1.0,16.0
260,15.0,8.0,167.953384037614,1.0,16.0
261,15.0,9.0,343.936333889725,0.0,16.0
262,15.0,10.0,241.072332389578,1.0,16.0
263,15.0,11.0,465.4692806814351,0.0,16.0
264,16.0,0.0,70.9056395079169,0.0,7.0
265,16.0,1.0,98.8042024211735,0.0,7.0
266,16.0,2.0,291.491825458157,2.0,7.0
267,16.0,3.0,399.680982811346,2.0,7.0
268,16.0,4.0,90.4902409861865,1.0,7.0
269,16.0,5.0,266.302058136869,0.0,7.0
270,16.0,6.0,202.298102637091,2.0,7.0
271,16.0,7.0,194.702770418205,1.0,7.0
272,16.0,8.0,376.3285962863631,2.0,7.0
273,16.0,9.0,450.791540904539,1.0,7.0
274,16.0,10.0,454.171334372628,0.0,7.0
275,16.0,11.0,470.517740570603,0.0,7.0
276,17.0,0.0,78.2433156050598,2.0,30.0
277,17.0,1.0,271.395935068398,1.0,30.0
278,17.0,2.0,84.3206910690481,2.0,30.0
279,17.0,3.0,374.533683360612,1.0,30.0
280,17.0,4.0,383.604756012938,0.0,30.0
281,17.0,5.0,254.53082436324854,2.0,30.0
282,17.0,6.0,72.4694445426714,1.0,30.0
283,17.0,7.0,83.4595394008992,2.0,30.0
284,17.0,8.0,362.817902907576,1.0,30.0
285,17.0,9.0,275.934977240322,1.0,30.0
286,17.0,10.0,98.9828812326986,0.0,30.0
287,17.0,11.0,206.417194214184,1.0,30.0
288,18.0,0.0,85.1421875268793,0.0,20.0
289,18.0,1.0,309.612575362977,2.0,20.0
290,18.0,2.0,466.73795841697,2.0,20.0
291,18.0,3.0,462.02469677687503,1.0,20.0
292,18.0,4.0,292.381296481738,0.0,20.0
293,18.0,5.0,370.857675456114,2.0,20.0
294,18.0,6.0,230.911291988025,2.0,20.0
295,18.0,7.0,421.060062358508,2.0,20.0
296,18.0,8.0,436.2492174104431,0.0,20.0
297,18.0,9.0,205.511324896364,1.0,20.0
298,18.0,10.0,403.398189813026,2.0,20.0
299,18.0,11.0,205.102659859562,2.0,20.0
300,19.0,0.0,179.709537239321,2.0,45.0
301,19.0,1.0,231.586791036006,0.0,45.0
302,19.0,2.0,79.0199399861019,0.0,45.0
303,19.0,3.0,215.273470257228,2.0,45.0
304,19.0,4.0,294.488291636241,0.0,45.0
305,19.0,5.0,335.133312288188,0.0,45.0
306,19.0,6.0,480.924455560033,2.0,45.0
307,19.0,7.0,213.165820626242,1.0,45.0
308,19.0,8.0,498.468383404514,2.0,45.0
309,19.0,9.0,301.738658486821,1.0,45.0
310,19.0,10.0,377.480630495597,0.0,45.0
311,19.0,11.0,450.04660182595,0.0,45.0
312,20.0,0.0,103.436983125197,0.0,44.0
313,20.0,1.0,286.772155298682,2.0,44.0
314,20.0,2.0,232.111529026534,2.0,44.0
315,20.0,3.0,206.37389982891,2.0,44.0
316,20.0,4.0,99.1447839426829,0.0,44.0
317,20.0,5.0,192.921564977079,2.0,44.0
318,20.0,6.0,210.279743838067,0.0,44.0
319,20.0,7.0,360.826392135225,2.0,44.0
320,20.0,8.0,118.766359347145,2.0,44.0
321,20.0,9.0,339.227444363377,0.0,44.0
322,20.0,10.0,61.0132051724412,0.0,44.0
323,20.0,11.0,97.4868844066235,0.0,44.0
324,21.0,0.0,126.709562712896,0.0,1.0
325,21.0,1.0,363.910796609273,0.0,1.0
326,21.0,2.0,204.619929513043,0.0,1.0
327,21.0,3.0,153.642387827897,0.0,1.0
328,21.0,4.0,51.8991801186894,2.0,1.0
329,21.0,5.0,23.0007798981717,1.0,1.0
330,21.0,6.0,295.690364875149,1.0,1.0
331,21.0,7.0,447.409138427718,2.0,1.0
332,21.0,8.0,177.490502331959,0.0,1.0
333,21.0,9.0,196.049280001961,1.0,1.0
334,21.0,10.0,141.351184003209,2.0,1.0
335,21.0,11.0,210.611709573708,2.0,1.0
336,22.0,0.0,223.701999276305,1.0,48.0
337,22.0,1.0,384.166839138283,1.0,48.0
338,22.0,2.0,248.841287142262,1.0,48.0
339,22.0,3.0,218.354617189924,2.0,48.0
340,22.0,4.0,275.400765183825,1.0,48.0
341,22.0,5.0,78.2844762956838,0.0,48.0
342,22.0,6.0,267.588189328316,2.0,48.0
343,22.0,7.0,19.0114315082587,0.0,48.0
344,22.0,8.0,292.493073001984,0.0,48.0
345,22.0,9.0,329.195990292413,2.0,48.0
346,22.0,10.0,15.3879560426554,1.0,48.0
347,22.0,11.0,438.206138005632,1.0,48.0
348,24.0,0.0,335.867970527665,2.0,35.0
349,24.0,1.0,215.197557197116,2.0,35.0
350,24.0,2.0,33.013323719777,2.0,35.0
351,24.0,3.0,50.571347283312,1.0,35.0
352,24.0,4.0,200.754850880569,1.0,35.0
353,24.0,5.0,362.33249354028,1.0,35.0
354,24.0,6.0,243.264697077559,0.0,35.0
355,24.0,7.0,368.96032763302304,1.0,35.0
356,24.0,8.0,138.509381706914,2.0,35.0
357,24.0,9.0,35.1986486072827,0.0,35.0
358,24.0,10.0,302.452995969276,0.0,35.0
359,24.0,11.0,387.746979835453,1.0,35.0
360,25.0,0.0,46.8175130505463,0.0,46.0
361,25.0,1.0,347.317174249591,2.0,46.0
362,25.0,2.0,411.360135660358,1.0,46.0
363,25.0,3.0,143.351117242682,2.0,46.0
364,25.0,4.0,54.87521593005071,2.0,46.0
365,25.0,5.0,475.616303372193,1.0,46.0
366,25.0,6.0,275.531464215396,1.0,46.0
367,25.0,7.0,405.21496245211,2.0,46.0
368,25.0,8.0,426.105869267006,1.0,46.0
369,25.0,9.0,118.392626491605,2.0,46.0
370,25.0,10.0,29.3191375705679,1.0,46.0
371,25.0,11.0,98.4819191123934,0.0,46.0
372,26.0,0.0,26.6335295070414,1.0,19.0
373,26.0,1.0,462.9541357345,2.0,19.0
374,26.0,2.0,242.364966162157,2.0,19.0
375,26.0,3.0,166.359231889195,0.0,19.0
376,26.0,4.0,302.172240456206,0.0,19.0
377,26.0,5.0,69.0777740308666,0.0,19.0
378,26.0,6.0,351.181500180289,2.0,19.0
379,26.0,7.0,365.135718049093,2.0,19.0
380,26.0,8.0,164.492265536999,1.0,19.0
381,26.0,9.0,397.454350771092,2.0,19.0
382,26.0,10.0,316.686774454135,0.0,19.0
383,26.0,11.0,311.772962209329,0.0,19.0
384,27.0,0.0,21.9563829627036,0.0,50.0
385,27.0,1.0,438.603819615258,2.0,50.0
386,27.0,2.0,470.14317227131903,1.0,50.0
387,27.0,3.0,498.987714161335,2.0,50.0
388,27.0,4.0,385.922261576252,2.0,50.0
389,27.0,5.0,245.139053948915,0.0,50.0
390,27.0,6.0,438.101785951306,2.0,50.0
391,27.0,7.0,386.453972793614,2.0,50.0
392,27.0,8.0,216.464931115764,1.0,50.0
393,27.0,9.0,127.000801426468,0.0,50.0
394,27.0,10.0,183.764857243981,0.0,50.0
395,27.0,11.0,155.190979023435,0.0,50.0
396,28.0,0.0,30.6256629218173,1.0,3.0
397,28.0,1.0,219.608835530573,2.0,3.0
398,28.0,2.0,116.944405053881,2.0,3.0
399,28.0,3.0,53.8113911330072,2.0,3.0
400,28.0,4.0,472.91869092279103,0.0,3.0
401,28.0,5.0,91.8466335851169,2.0,3.0
402,28.0,6.0,471.938569326212,2.0,3.0
403,28.0,7.0,261.217370398089,2.0,3.0
404,28.0,8.0,118.038242444386,1.0,3.0
405,28.0,9.0,181.561376991698,0.0,3.0
406,28.0,10.0,443.055083632079,2.0,3.0
407,28.0,11.0,95.2086721175488,1.0,3.0
408,29.0,0.0,351.050102846358,2.0,0.0
409,29.0,1.0,119.975880199964,1.0,0.0
410,29.0,2.0,300.540568072435,0.0,0.0
411,29.0,3.0,439.955822688886,1.0,0.0
412,29.0,4.0,445.486559135799,2.0,0.0
413,29.0,5.0,406.66287661519,1.0,0.0
414,29.0,6.0,52.623512356591,1.0,0.0
415,29.0,7.0,137.27935404256,0.0,0.0
416,29.0,8.0,49.7126457947475,0.0,0.0
417,29.0,9.0,47.3041211502471,1.0,0.0
418,29.0,10.0,245.487422890058,2.0,0.0
419,29.0,11.0,180.426511872075,2.0,0.0
420,30.0,0.0,140.843852383016,2.0,27.0
421,30.0,1.0,332.641398982629,2.0,27.0
422,30.0,2.0,357.097858590367,1.0,27.0
423,30.0,3.0,343.268978162547,2.0,27.0
424,30.0,4.0,87.7165015936061,1.0,27.0
425,30.0,5.0,24.331168686934,1.0,27.0
426,30.0,6.0,174.20823858698,2.0,27.0
427,30.0,7.0,410.80384181834,0.0,27.0
428,30.0,8.0,13.1290771412485,2.0,27.0
429,30.0,9.0,490.781227233438,2.0,27.0
430,30.0,10.0,320.66279451881,0.0,27.0
431,30.0,11.0,62.4205130252096,2.0,27.0
432,31.0,0.0,481.866081890907,2.0,13.0
433,31.0,1.0,466.69377169990895,0.0,13.0
434,31.0,2.0,347.064003927399,0.0,13.0
435,31.0,3.0,357.004323436188,1.0,13.0
436,31.0,4.0,179.482697906949,0.0,13.0
437,31.0,5.0,437.053035014664,2.0,13.0
438,31.0,6.0,484.75014908998895,2.0,13.0
439,31.0,7.0,73.7422576640097,0.0,13.0
440,31.0,8.0,22.0475890648127,2.0,13.0
441,31.0,9.0,168.569007383275,0.0,13.0
442,31.0,10.0,387.499634725819,1.0,13.0
443,31.0,11.0,228.492326124607,2.0,13.0
444,32.0,0.0,498.591005077278,2.0,9.0
445,32.0,1.0,90.1756723839179,1.0,9.0
446,32.0,2.0,118.177110266493,2.0,9.0
447,32.0,3.0,330.710494997756,0.0,9.0
448,32.0,4.0,84.0183669726411,0.0,9.0
449,32.0,5.0,215.6663852938,2.0,9.0
450,32.0,6.0,144.365449150848,1.0,9.0
451,32.0,7.0,448.108609802776,2.0,9.0
452,32.0,8.0,25.2557006134106,2.0,9.0
453,32.0,9.0,433.535542421422,1.0,9.0
454,32.0,10.0,100.907502694529,1.0,9.0
455,32.0,11.0,387.75170387558495,0.0,9.0
456,33.0,0.0,316.847957599394,0.0,31.0
457,33.0,1.0,461.2154454296871,0.0,31.0
458,33.0,2.0,400.303272578326,2.0,31.0
459,33.0,3.0,67.4810125915733,0.0,31.0
460,33.0,4.0,345.926990742196,1.0,31.0
461,33.0,5.0,108.257116083165,0.0,31.0
462,33.0,6.0,41.4623791668157,1.0,31.0
463,33.0,7.0,141.806768173198,1.0,31.0
464,33.0,8.0,162.077359872551,2.0,31.0
465,33.0,9.0,15.6940645549693,2.0,31.0
466,33.0,10.0,202.321842639276,1.0,31.0
467,33.0,11.0,304.010068578459,2.0,31.0
468,35.0,0.0,350.541124202006,2.0,28.0
469,35.0,1.0,29.413224420695,2.0,28.0
470,35.0,2.0,128.602057772638,1.0,28.0
471,35.0,3.0,254.455195191164,1.0,28.0
472,35.0,4.0,284.227854908588,0.0,28.0
473,35.0,5.0,263.678705258509,2.0,28.0
474,35.0,6.0,26.2695233077696,0.0,28.0
475,35.0,7.0,75.0307194810996,1.0,28.0
476,35.0,8.0,402.287482563451,0.0,28.0
477,35.0,9.0,61.238241763856095,2.0,28.0
478,35.0,10.0,25.4772109645646,2.0,28.0
479,35.0,11.0,275.235204297525,0.0,28.0
480,36.0,0.0,359.90259674489,0.0,11.0
481,36.0,1.0,409.264305735791,2.0,11.0
482,36.0,2.0,278.320264315331,1.0,11.0
483,36.0,3.0,325.353070646297,1.0,11.0
484,36.0,4.0,49.9986911949889,1.0,11.0
485,36.0,5.0,88.1768932554623,0.0,11.0
486,36.0,6.0,488.173975351374,0.0,11.0
487,36.0,7.0,396.95226849981503,1.0,11.0
488,36.0,8.0,282.128139959439,0.0,11.0
489,36.0,9.0,498.203618867804,0.0,11.0
490,36.0,10.0,107.775800955281,1.0,11.0
491,36.0,11.0,25.019726080845,2.0,11.0
492,37.0,0.0,435.453527650107,0.0,5.0
493,37.0,1.0,218.491733879557,2.0,5.0
494,37.0,2.0,493.948286230668,0.0,5.0
495,37.0,3.0,293.550950200473,1.0,5.0
496,37.0,4.0,248.467781298104,0.0,5.0
497,37.0,5.0,216.643254167993,2.0,5.0
498,37.0,6.0,457.058039352179,2.0,5.0
499,37.0,7.0,319.464507845335,2.0,5.0
500,37.0,8.0,360.754232694223,0.0,5.0
501,37.0,9.0,126.3962292127,0.0,5.0
502,37.0,10.0,428.648695751094,2.0,5.0
503,37.0,11.0,436.667451623531,1.0,5.0
504,38.0,0.0,186.024351005885,1.0,20.0
505,38.0,1.0,201.629952959363,0.0,20.0
506,38.0,2.0,331.800965625233,2.0,20.0
507,38.0,3.0,74.1280937519914,0.0,20.0
508,38.0,4.0,125.664727039767,1.0,20.0
509,38.0,5.0,264.689234792449,2.0,20.0
510,38.0,6.0,221.134886594285,0.0,20.0
511,38.0,7.0,356.320836273868,0.0,20.0
512,38.0,8.0,27.9689991974361,0.0,20.0
513,38.0,9.0,242.569129117409,2.0,20.0
514,38.0,10.0,296.823638554409,0.0,20.0
515,38.0,11.0,64.8406135048867,1.0,20.0
516,39.0,0.0,270.273068720506,2.0,28.0
517,39.0,1.0,69.8338578649131,2.0,28.0
518,39.0,2.0,467.598758588673,2.0,28.0
519,39.0,3.0,258.545056257312,2.0,28.0
520,39.0,4.0,82.6881684714235,1.0,28.0
521,39.0,5.0,482.908161253662,0.0,28.0
522,39.0,6.0,476.387774857387,1.0,28.0
523,39.0,7.0,435.279964314811,0.0,28.0
524,39.0,8.0,262.642054003833,2.0,28.0
525,39.0,9.0,336.763486197591,2.0,28.0
526,39.0,10.0,24.6870590376122,2.0,28.0
527,39.0,11.0,355.293573740957,0.0,28.0
528,40.0,0.0,339.98189232921,1.0,46.0
529,40.0,1.0,339.575037930312,0.0,46.0
530,40.0,2.0,96.8033968292191,2.0,46.0
531,40.0,3.0,472.860967542271,1.0,46.0
532,40.0,4.0,312.745147698595,1.0,46.0
533,40.0,5.0,24.8896592514501,1.0,46.0
534,40.0,6.0,341.491559030851,1.0,46.0
535,40.0,7.0,202.993558770538,0.0,46.0
536,40.0,8.0,332.344199255488,1.0,46.0
537,40.0,9.0,488.81535026844494,2.0,46.0
538,40.0,10.0,436.66919066525696,2.0,46.0
539,40.0,11.0,287.837967883467,2.0,46.0
540,41.0,0.0,440.47262503766,1.0,26.0
541,41.0,1.0,337.120758926157,0.0,26.0
542,41.0,2.0,400.928687940731,1.0,26.0
543,41.0,3.0,68.9024371315981,1.0,26.0
544,41.0,4.0,169.047056651132,2.0,26.0
545,41.0,5.0,204.124618888535,2.0,26.0
546,41.0,6.0,200.393469622469,0.0,26.0
547,41.0,7.0,126.39662412842,2.0,26.0
548,41.0,8.0,121.362117358944,1.0,26.0
549,41.0,9.0,305.689810756875,2.0,26.0
550,41.0,10.0,313.550269544711,0.0,26.0
551,41.0,11.0,196.095032287823,2.0,26.0
552,42.0,0.0,264.350074716747,2.0,42.0
553,42.0,1.0,177.211435536817,1.0,42.0
554,42.0,2.0,205.423162639481,2.0,42.0
555,42.0,3.0,254.53082436324854,1.0,42.0
556,42.0,4.0,384.792798155643,0.0,42.0
557,42.0,5.0,361.880307350982,2.0,42.0
558,42.0,6.0,18.9339655114172,0.0,42.0
559,42.0,7.0,13.7058087392896,0.0,42.0
560,42.0,8.0,450.034968985494,1.0,42.0
561,42.0,9.0,464.24692695019,1.0,42.0
562,42.0,10.0,467.873653134702,0.0,42.0
563,42.0,11.0,59.696205940116094,2.0,42.0
564,43.0,0.0,135.820518183049,2.0,9.0
565,43.0,1.0,403.482689938005,0.0,9.0
566,43.0,2.0,309.06355382235,1.0,9.0
567,43.0,3.0,212.639059747422,0.0,9.0
568,43.0,4.0,343.747748442842,1.0,9.0
569,43.0,5.0,357.432668243992,2.0,9.0
570,43.0,6.0,135.715764013668,1.0,9.0
571,43.0,7.0,404.9363493898271,0.0,9.0
572,43.0,8.0,320.244174041071,2.0,9.0
573,43.0,9.0,304.789791871702,1.0,9.0
574,43.0,10.0,443.26116704072,1.0,9.0
575,43.0,11.0,113.901971555031,2.0,9.0
576,44.0,0.0,211.403950205285,2.0,4.0
577,44.0,1.0,183.176475858332,0.0,4.0
578,44.0,2.0,144.654957418587,2.0,4.0
579,44.0,3.0,337.099450652821,1.0,4.0
580,44.0,4.0,231.366162581242,1.0,4.0
581,44.0,5.0,371.06813502264896,2.0,4.0
582,44.0,6.0,56.9001322048793,0.0,4.0
583,44.0,7.0,307.476077683503,0.0,4.0
584,44.0,8.0,201.543937993702,1.0,4.0
585,44.0,9.0,494.0149049052951,1.0,4.0
586,44.0,10.0,208.116196371103,0.0,4.0
587,44.0,11.0,349.293714148941,2.0,4.0
588,46.0,0.0,61.0137281982415,1.0,29.0
589,46.0,1.0,144.338726614305,2.0,29.0
590,46.0,2.0,448.153528585418,0.0,29.0
591,46.0,3.0,121.061637091224,2.0,29.0
592,46.0,4.0,264.339297545053,1.0,29.0
593,46.0,5.0,124.518920136112,2.0,29.0
594,46.0,6.0,328.929910833125,0.0,29.0
595,46.0,7.0,173.170937398517,2.0,29.0
596,46.0,8.0,334.301203026196,1.0,29.0
597,46.0,9.0,237.950750019022,0.0,29.0
598,46.0,10.0,479.236389407636,2.0,29.0
599,46.0,11.0,108.457507442938,1.0,29.0
600,47.0,0.0,230.681758766511,2.0,21.0
601,47.0,1.0,335.806744998737,0.0,21.0
602,47.0,2.0,124.974620109172,0.0,21.0
603,47.0,3.0,496.316916057604,0.0,21.0
604,47.0,4.0,422.596314244446,0.0,21.0
605,47.0,5.0,53.670971736848095,0.0,21.0
606,47.0,6.0,414.773138823739,1.0,21.0
607,47.0,7.0,27.7185864571334,0.0,21.0
608,47.0,8.0,186.466839661044,1.0,21.0
609,47.0,9.0,281.363097949064,1.0,21.0
610,47.0,10.0,229.129244847369,0.0,21.0
611,47.0,11.0,460.502066875065,0.0,21.0
612,48.0,0.0,427.198229295097,0.0,52.0
613,48.0,1.0,67.0195349638833,0.0,52.0
614,48.0,2.0,440.207417018084,0.0,52.0
615,48.0,3.0,397.11491379046,1.0,52.0
616,48.0,4.0,207.460287594929,0.0,52.0
617,48.0,5.0,179.588866003515,1.0,52.0
618,48.0,6.0,413.01547618083697,1.0,52.0
619,48.0,7.0,462.151023351563,2.0,52.0
620,48.0,8.0,384.756802442468,0.0,52.0
621,48.0,9.0,205.344883608433,0.0,52.0
622,48.0,10.0,43.4044315988919,1.0,52.0
623,48.0,11.0,481.926404678695,0.0,52.0
624,49.0,0.0,221.923960381765,1.0,12.0
625,49.0,1.0,225.360727430126,1.0,12.0
626,49.0,2.0,115.858709429704,2.0,12.0
627,49.0,3.0,84.4921780330376,2.0,12.0
628,49.0,4.0,235.302207646967,1.0,12.0
629,49.0,5.0,38.3124748882197,0.0,12.0
630,49.0,6.0,127.198251065804,1.0,12.0
631,49.0,7.0,158.604822308122,2.0,12.0
632,49.0,8.0,40.5229810837307,1.0,12.0
633,49.0,9.0,408.845432057949,2.0,12.0
634,49.0,10.0,315.708959782903,1.0,12.0
635,49.0,11.0,74.0480846026977,0.0,12.0
636,50.0,0.0,105.365030792175,0.0,46.0
637,50.0,1.0,415.493568827768,0.0,46.0
638,50.0,2.0,15.4053195700371,1.0,46.0
639,50.0,3.0,19.4042156432978,2.0,46.0
640,50.0,4.0,77.1837558072095,0.0,46.0
641,50.0,5.0,15.9391795755077,0.0,46.0
642,50.0,6.0,402.753184822665,2.0,46.0
643,50.0,7.0,63.7707373519767,1.0,46.0
644,50.0,8.0,423.734970542412,2.0,46.0
645,50.0,9.0,83.5238457000523,0.0,46.0
646,50.0,10.0,243.248883390696,2.0,46.0
647,50.0,11.0,235.128916518933,1.0,46.0
648,51.0,0.0,478.11399638692495,1.0,39.0
649,51.0,1.0,347.186005982406,0.0,39.0
650,51.0,2.0,422.027073918702,2.0,39.0
651,51.0,3.0,236.12395766612,1.0,39.0
652,51.0,4.0,448.607692946203,1.0,39.0
653,51.0,5.0,42.6594998747381,2.0,39.0
654,51.0,6.0,371.342546673528,0.0,39.0
655,51.0,7.0,30.4197212951683,1.0,39.0
656,51.0,8.0,45.3213246393499,0.0,39.0
657,51.0,9.0,478.685685166745,2.0,39.0
658,51.0,10.0,183.093190166011,1.0,39.0
659,51.0,11.0,181.354582575466,1.0,39.0
660,52.0,0.0,334.071599424503,0.0,36.0
661,52.0,1.0,58.21386835956471,1.0,36.0
662,52.0,2.0,139.872749879252,1.0,36.0
663,52.0,3.0,484.2514170740649,0.0,36.0
664,52.0,4.0,316.085148738589,0.0,36.0
665,52.0,5.0,69.4793448981092,2.0,36.0
666,52.0,6.0,325.513084235154,0.0,36.0
667,52.0,7.0,484.559501021248,0.0,36.0
668,52.0,8.0,153.482797983473,1.0,36.0
669,52.0,9.0,304.921978921798,1.0,36.0
670,52.0,10.0,376.555857920471,0.0,36.0
671,52.0,11.0,331.674517592436,2.0,36.0
672,53.0,0.0,175.751077937304,2.0,18.0
673,53.0,1.0,192.361841680382,2.0,18.0
674,53.0,2.0,310.340395422318,2.0,18.0
675,53.0,3.0,69.5356743874499,0.0,18.0
676,53.0,4.0,326.447298201051,2.0,18.0
677,53.0,5.0,432.071298218084,2.0,18.0
678,53.0,6.0,133.598099884947,1.0,18.0
679,53.0,7.0,422.57929091613,0.0,18.0
680,53.0,8.0,331.519300463725,2.0,18.0
681,53.0,9.0,492.488172367009,2.0,18.0
682,53.0,10.0,90.7592597074242,0.0,18.0
683,53.0,11.0,365.730155892795,0.0,18.0
684,54.0,0.0,114.620569492229,1.0,7.0
685,54.0,1.0,369.072756935463,1.0,7.0
686,54.0,2.0,259.096667988977,0.0,7.0
687,54.0,3.0,347.553798004544,1.0,7.0
688,54.0,4.0,382.949553151147,2.0,7.0
689,54.0,5.0,14.5724937152757,1.0,7.0
690,54.0,6.0,495.986876161188,1.0,7.0
691,54.0,7.0,402.034774662588,1.0,7.0
692,54.0,8.0,369.20493505454095,1.0,7.0
693,54.0,9.0,184.138438656012,0.0,7.0
694,54.0,10.0,12.5625106360272,1.0,7.0
695,54.0,11.0,375.409553538304,1.0,7.0
696,55.0,0.0,479.456005258496,2.0,21.0
697,55.0,1.0,82.9551446628979,1.0,21.0
698,55.0,2.0,498.203825437351,0.0,21.0
699,55.0,3.0,363.81475971934094,2.0,21.0
700,55.0,4.0,201.847592107136,1.0,21.0
701,55.0,5.0,11.5769491660966,2.0,21.0
702,55.0,6.0,254.53082436324854,0.0,21.0
703,55.0,7.0,245.676716044201,0.0,21.0
704,55.0,8.0,294.192055839784,1.0,21.0
705,55.0,9.0,305.708956632263,2.0,21.0
706,55.0,10.0,142.212152862825,0.0,21.0
707,55.0,11.0,47.7585567758223,0.0,21.0
708,57.0,0.0,394.599518784619,2.0,22.0
709,57.0,1.0,263.461837656389,2.0,22.0
710,57.0,2.0,170.814449268563,2.0,22.0
711,57.0,3.0,118.099856828494,0.0,22.0
712,57.0,4.0,499.190280582545,0.0,22.0
713,57.0,5.0,216.411546114095,2.0,22.0
714,57.0,6.0,67.9847335524598,0.0,22.0
715,57.0,7.0,198.078146447192,0.0,22.0
716,57.0,8.0,100.393364035483,0.0,22.0
717,57.0,9.0,22.8363871807118,0.0,22.0
718,57.0,10.0,143.804696886678,2.0,22.0
719,57.0,11.0,470.932830106517,2.0,22.0
720,58.0,0.0,437.637822737455,1.0,41.0
721,58.0,1.0,403.295221799898,1.0,41.0
722,58.0,2.0,75.4051864838125,1.0,41.0
723,58.0,3.0,253.265964654097,1.0,41.0
724,58.0,4.0,385.101320505644,0.0,41.0
725,58.0,5.0,76.3235003160659,1.0,41.0
726,58.0,6.0,478.741164330894,2.0,41.0
727,58.0,7.0,148.271666599668,1.0,41.0
728,58.0,8.0,454.064744455308,0.0,41.0
729,58.0,9.0,382.105148584802,0.0,41.0
730,58.0,10.0,42.0294172065488,1.0,41.0
731,58.0,11.0,40.700069693123694,0.0,41.0
732,59.0,0.0,78.2302318476216,2.0,11.0
733,59.0,1.0,180.198229866833,1.0,11.0
734,59.0,2.0,335.256946226039,2.0,11.0
735,59.0,3.0,284.482409896303,1.0,11.0
736,59.0,4.0,35.6063608501516,2.0,11.0
737,59.0,5.0,137.477317571405,2.0,11.0
738,59.0,6.0,490.835574343651,2.0,11.0
739,59.0,7.0,330.545554722297,2.0,11.0
740,59.0,8.0,287.011824740089,0.0,11.0
741,59.0,9.0,486.282611519453,1.0,11.0
742,59.0,10.0,181.258122322541,0.0,11.0
743,59.0,11.0,84.1109460801179,2.0,11.0
744,60.0,0.0,132.973664056746,1.0,48.0
745,60.0,1.0,266.46154657344,2.0,48.0
746,60.0,2.0,364.179008572157,1.0,48.0
747,60.0,3.0,276.333726497897,1.0,48.0
748,60.0,4.0,247.501180693723,2.0,48.0
749,60.0,5.0,426.487932025524,0.0,48.0
750,60.0,6.0,211.765115376409,2.0,48.0
751,60.0,7.0,40.513821882124,1.0,48.0
752,60.0,8.0,235.027540022509,0.0,48.0
753,60.0,9.0,108.668253246627,1.0,48.0
754,60.0,10.0,171.805381787034,2.0,48.0
755,60.0,11.0,110.391824333849,2.0,48.0
756,61.0,0.0,436.583428272543,0.0,41.0
757,61.0,1.0,492.64493150902894,0.0,41.0
758,61.0,2.0,41.9502497176411,2.0,41.0
759,61.0,3.0,455.517900872165,0.0,41.0
760,61.0,4.0,253.928128936802,0.0,41.0
761,61.0,5.0,331.822251314904,0.0,41.0
762,61.0,6.0,196.405803678706,0.0,41.0
763,61.0,7.0,482.593560411398,0.0,41.0
764,61.0,8.0,266.431519285423,0.0,41.0
765,61.0,9.0,398.498665326581,0.0,41.0
766,61.0,10.0,320.945384599649,0.0,41.0
767,61.0,11.0,204.025531604603,0.0,41.0
768,62.0,0.0,271.184144950609,2.0,18.0
769,62.0,1.0,398.69806171474494,0.0,18.0
770,62.0,2.0,454.010194835226,1.0,18.0
771,62.0,3.0,78.9486487438916,0.0,18.0
772,62.0,4.0,448.054957903857,0.0,18.0
773,62.0,5.0,225.758475000491,1.0,18.0
774,62.0,6.0,442.384020519596,1.0,18.0
775,62.0,7.0,483.892041476994,0.0,18.0
776,62.0,8.0,337.280799413777,1.0,18.0
777,62.0,9.0,442.144601569276,2.0,18.0
778,62.0,10.0,16.1776847881219,2.0,18.0
779,62.0,11.0,362.483274960888,1.0,18.0
780,63.0,0.0,368.433280266778,1.0,14.0
781,63.0,1.0,411.341121792212,0.0,14.0
782,63.0,2.0,164.031555460037,0.0,14.0
783,63.0,3.0,235.039946614875,2.0,14.0
784,63.0,4.0,415.842133694237,2.0,14.0
785,63.0,5.0,358.886869962083,2.0,14.0
786,63.0,6.0,127.538315250413,1.0,14.0
787,63.0,7.0,230.671979663652,0.0,14.0
788,63.0,8.0,314.254998064431,0.0,14.0
789,63.0,9.0,240.930712025101,1.0,14.0
790,63.0,10.0,71.8697233666063,0.0,14.0
791,63.0,11.0,346.300326376188,0.0,14.0
792,64.0,0.0,254.53082436324854,1.0,11.0
793,64.0,1.0,146.845283342661,2.0,11.0
794,64.0,2.0,261.200829041076,2.0,11.0
795,64.0,3.0,26.2627837355888,0.0,11.0
796,64.0,4.0,469.769361039757,0.0,11.0
797,64.0,5.0,396.339198194116,2.0,11.0
798,64.0,6.0,454.525565045857,0.0,11.0
799,64.0,7.0,64.3848399146057,1.0,11.0
800,64.0,8.0,433.636168666108,1.0,11.0
801,64.0,9.0,488.632160970223,2.0,11.0
802,64.0,10.0,30.5920908339886,1.0,11.0
803,64.0,11.0,147.21829147974,1.0,11.0
804,65.0,0.0,456.277379205518,2.0,19.0
805,65.0,1.0,18.8232122442227,0.0,19.0
806,65.0,2.0,159.328036739205,2.0,19.0
807,65.0,3.0,437.649381387403,2.0,19.0
808,65.0,4.0,274.942253556006,1.0,19.0
809,65.0,5.0,16.0779777758842,0.0,19.0
810,65.0,6.0,303.195167305902,1.0,19.0
811,65.0,7.0,374.164667378486,0.0,19.0
812,65.0,8.0,427.609298451679,2.0,19.0
813,65.0,9.0,447.22822408843,1.0,19.0
814,65.0,10.0,127.359983255674,2.0,19.0
815,65.0,11.0,295.57534919091,1.0,19.0
816,66.0,0.0,429.291085980394,0.0,43.0
817,66.0,1.0,417.373022048998,1.0,43.0
818,66.0,2.0,55.99006956344449,0.0,43.0
819,66.0,3.0,416.35053166521,1.0,43.0
820,66.0,4.0,263.54871235997,0.0,43.0
821,66.0,5.0,222.952020820769,2.0,43.0
822,66.0,6.0,447.336412077875,0.0,43.0
823,66.0,7.0,319.340701015074,1.0,43.0
824,66.0,8.0,126.342399503655,2.0,43.0
825,66.0,9.0,198.410550545958,0.0,43.0
826,66.0,10.0,475.76021576724,1.0,43.0
827,66.0,11.0,258.070369152649,2.0,43.0
828,68.0,0.0,134.651874612505,0.0,37.0
829,68.0,1.0,32.367885296168,2.0,37.0
830,68.0,2.0,486.051018541515,2.0,37.0
831,68.0,3.0,106.087879241813,0.0,37.0
832,68.0,4.0,111.426363434829,1.0,37.0
833,68.0,5.0,13.7553759981204,0.0,37.0
834,68.0,6.0,27.9934676254024,1.0,37.0
835,68.0,7.0,176.041718175988,2.0,37.0
836,68.0,8.0,290.303835250957,0.0,37.0
837,68.0,9.0,153.80952337198,2.0,37.0
838,68.0,10.0,204.537370206224,2.0,37.0
839,68.0,11.0,312.362592897723,0.0,37.0
840,69.0,0.0,179.159339972829,0.0,19.0
841,69.0,1.0,251.837824366658,0.0,19.0
842,69.0,2.0,74.429668750011,2.0,19.0
843,69.0,3.0,216.695807484027,1.0,19.0
844,69.0,4.0,359.87599578876,0.0,19.0
845,69.0,5.0,413.657288268434,2.0,19.0
846,69.0,6.0,10.7669015438217,1.0,19.0
847,69.0,7.0,136.227537963524,0.0,19.0
848,69.0,8.0,346.429057611377,2.0,19.0
849,69.0,9.0,233.555889388216,0.0,19.0
850,69.0,10.0,215.284417191863,2.0,19.0
851,69.0,11.0,49.2882069001327,0.0,19.0
852,70.0,0.0,337.600596894228,0.0,49.0
853,70.0,1.0,300.893787692184,1.0,49.0
854,70.0,2.0,457.510604312356,0.0,49.0
855,70.0,3.0,364.746797178386,0.0,49.0
856,70.0,4.0,42.5574837343297,2.0,49.0
857,70.0,5.0,15.736239258143,0.0,49.0
858,70.0,6.0,248.140241960825,1.0,49.0
859,70.0,7.0,70.2716146106354,2.0,49.0
860,70.0,8.0,178.152003054603,0.0,49.0
861,70.0,9.0,329.62290781005,1.0,49.0
862,70.0,10.0,349.32148506792,1.0,49.0
863,70.0,11.0,339.753644973272,2.0,49.0
864,71.0,0.0,160.093614401324,0.0,30.0
865,71.0,1.0,401.20636685399296,1.0,30.0
866,71.0,2.0,459.151265562192,2.0,30.0
867,71.0,3.0,295.277385831116,0.0,30.0
868,71.0,4.0,355.737072695474,0.0,30.0
869,71.0,5.0,91.7614988323889,2.0,30.0
870,71.0,6.0,446.147547240066,2.0,30.0
871,71.0,7.0,22.4694023538179,2.0,30.0
872,71.0,8.0,176.896041624833,0.0,30.0
873,71.0,9.0,162.496572581063,2.0,30.0
874,71.0,10.0,188.650926816795,0.0,30.0
875,71.0,11.0,232.460794386096,1.0,30.0
876,72.0,0.0,247.938952833105,0.0,26.0
877,72.0,1.0,482.368529487674,2.0,26.0
878,72.0,2.0,25.1683375504783,2.0,26.0
879,72.0,3.0,88.4122188669651,0.0,26.0
880,72.0,4.0,380.5446708355871,2.0,26.0
881,72.0,5.0,151.729938266601,0.0,26.0
882,72.0,6.0,66.9080904982576,0.0,26.0
883,72.0,7.0,163.843691514903,1.0,26.0
884,72.0,8.0,305.442009474936,2.0,26.0
885,72.0,9.0,492.166449973128,2.0,26.0
886,72.0,10.0,480.95638784972095,1.0,26.0
887,72.0,11.0,198.900833321092,0.0,26.0
888,73.0,0.0,275.289727600317,0.0,14.0
889,73.0,1.0,275.435358080902,0.0,14.0
890,73.0,2.0,225.816261653088,1.0,14.0
891,73.0,3.0,105.365679985387,0.0,14.0
892,73.0,4.0,142.421369144084,1.0,14.0
893,73.0,5.0,180.165749124949,2.0,14.0
894,73.0,6.0,227.581437109079,0.0,14.0
895,73.0,7.0,206.871612320619,2.0,14.0
896,73.0,8.0,315.468919498126,0.0,14.0
897,73.0,9.0,108.642932832992,1.0,14.0
898,73.0,10.0,243.017558368545,1.0,14.0
899,73.0,11.0,121.597370690573,1.0,14.0
900,74.0,0.0,455.632759359249,0.0,46.0
901,74.0,1.0,436.284888227366,2.0,46.0
902,74.0,2.0,71.1621988437557,0.0,46.0
903,74.0,3.0,439.77438469891297,1.0,46.0
904,74.0,4.0,236.711046482043,0.0,46.0
905,74.0,5.0,433.138286032127,1.0,46.0
906,74.0,6.0,150.033942207676,2.0,46.0
907,74.0,7.0,199.404848343284,0.0,46.0
908,74.0,8.0,292.866724324234,1.0,46.0
909,74.0,9.0,209.71626220117,2.0,46.0
910,74.0,10.0,291.029186213231,0.0,46.0
911,74.0,11.0,63.5394630517145,1.0,46.0
912,75.0,0.0,425.01473856146,0.0,34.0
913,75.0,1.0,442.89773386317,2.0,34.0
914,75.0,2.0,317.030330435673,1.0,34.0
915,75.0,3.0,243.65329947573,1.0,34.0
916,75.0,4.0,364.126409272132,0.0,34.0
917,75.0,5.0,75.8732134099797,0.0,34.0
918,75.0,6.0,185.770607454337,1.0,34.0
919,75.0,7.0,146.592337483131,1.0,34.0
920,75.0,8.0,479.14952932866703,0.0,34.0
921,75.0,9.0,498.932219284169,0.0,34.0
922,75.0,10.0,415.949956730067,0.0,34.0
923,75.0,11.0,17.0144860568594,2.0,34.0
924,76.0,0.0,418.730852530331,0.0,26.0
925,76.0,1.0,379.1796819059151,1.0,26.0
926,76.0,2.0,385.396807069837,0.0,26.0
927,76.0,3.0,53.4163098451427,2.0,26.0
928,76.0,4.0,209.696085205891,0.0,26.0
929,76.0,5.0,180.922061645045,2.0,26.0
930,76.0,6.0,474.3671327225911,2.0,26.0
931,76.0,7.0,266.062533675005,2.0,26.0
932,76.0,8.0,255.305891354505,0.0,26.0
933,76.0,9.0,34.6107456173472,0.0,26.0
934,76.0,10.0,154.692342083492,0.0,26.0
935,76.0,11.0,403.70654421547295,0.0,26.0
936,77.0,0.0,453.994391044924,2.0,12.0
937,77.0,1.0,120.75420892984,1.0,12.0
938,77.0,2.0,305.711617061256,2.0,12.0
939,77.0,3.0,70.2311324480399,1.0,12.0
940,77.0,4.0,230.181373599425,0.0,12.0
941,77.0,5.0,45.1701450509914,2.0,12.0
942,77.0,6.0,359.836789928229,1.0,12.0
943,77.0,7.0,280.725474029866,1.0,12.0
944,77.0,8.0,389.919613697536,2.0,12.0
945,77.0,9.0,149.294305534483,1.0,12.0
946,77.0,10.0,36.6226970632229,1.0,12.0
947,77.0,11.0,10.0659995721978,1.0,12.0
948,79.0,0.0,145.323083332241,3.0,40.0
949,79.0,1.0,421.27586125444094,0.0,40.0
950,79.0,2.0,373.042987514515,2.0,40.0
951,79.0,3.0,186.51462021221,0.0,40.0
952,79.0,4.0,163.54047961672,2.0,40.0
953,79.0,5.0,222.570535592499,1.0,40.0
954,79.0,6.0,482.398424080153,0.0,40.0
955,79.0,7.0,251.968879823895,0.0,40.0
956,79.0,8.0,354.889974900822,1.0,40.0
957,79.0,9.0,359.392564810816,1.0,40.0
958,79.0,10.0,382.908517222884,2.0,40.0
959,79.0,11.0,156.045582233327,2.0,40.0
960,80.0,0.0,325.633118523199,0.0,23.0
961,80.0,1.0,478.8319095873,0.0,23.0
962,80.0,2.0,234.272806528054,0.0,23.0
963,80.0,3.0,191.208495433717,2.0,23.0
964,80.0,4.0,214.087171632901,2.0,23.0
965,80.0,5.0,113.877086802342,2.0,23.0
966,80.0,6.0,441.276801581528,2.0,23.0
967,80.0,7.0,254.53082436324854,1.0,23.0
968,80.0,8.0,329.303482633866,2.0,23.0
969,80.0,9.0,325.967975970934,2.0,23.0
970,80.0,10.0,107.615484698086,1.0,23.0
971,80.0,11.0,190.215134000515,1.0,23.0
972,81.0,0.0,262.772332329041,0.0,38.0
973,81.0,1.0,17.1997604409274,1.0,38.0
974,81.0,2.0,19.4705391496245,0.0,38.0
975,81.0,3.0,251.503646379249,0.0,38.0
976,81.0,4.0,301.614520703784,2.0,38.0
977,81.0,5.0,482.114628034918,2.0,38.0
978,81.0,6.0,162.813290379273,2.0,38.0
979,81.0,7.0,265.435063350528,2.0,38.0
980,81.0,8.0,18.3043557958947,2.0,38.0
981,81.0,9.0,68.9015422690824,0.0,38.0
982,81.0,10.0,153.721219282477,2.0,38.0
983,81.0,11.0,263.800658579164,0.0,38.0
984,82.0,0.0,192.152254504102,0.0,6.0
985,82.0,1.0,326.764783402586,1.0,6.0
986,82.0,2.0,21.5615326763093,1.0,6.0
987,82.0,3.0,392.38430054978,2.0,6.0
988,82.0,4.0,158.428707128264,0.0,6.0
989,82.0,5.0,130.835781139232,2.0,6.0
990,82.0,6.0,242.166815914994,2.0,6.0
991,82.0,7.0,471.934916356115,2.0,6.0
992,82.0,8.0,276.796343072129,1.0,6.0
993,82.0,9.0,189.183566648072,0.0,6.0
994,82.0,10.0,78.9934449574113,0.0,6.0
995,82.0,11.0,293.366215715977,2.0,6.0
996,83.0,0.0,321.617806510227,0.0,52.0
997,83.0,1.0,137.353439828988,0.0,52.0
998,83.0,2.0,152.347207778996,2.0,52.0
999,83.0,3.0,356.783461631088,2.0,52.0
1000,83.0,4.0,13.8423794782392,0.0,52.0
1001,83.0,5.0,75.794676942115,0.0,52.0
1002,83.0,6.0,128.527714115316,2.0,52.0
1003,83.0,7.0,47.3572168070466,1.0,52.0
1004,83.0,8.0,235.235786497304,1.0,52.0
1005,83.0,9.0,31.5109718950725,2.0,52.0
1006,83.0,10.0,112.500878049885,1.0,52.0
1007,83.0,11.0,490.78433929041694,1.0,52.0
1008,84.0,0.0,128.568793855352,2.0,20.0
1009,84.0,1.0,476.200607077298,1.0,20.0
1010,84.0,2.0,490.76042857799297,0.0,20.0
1011,84.0,3.0,224.127983976154,0.0,20.0
1012,84.0,4.0,314.948199662451,1.0,20.0
1013,84.0,5.0,398.371606981308,2.0,20.0
1014,84.0,6.0,480.466446158669,1.0,20.0
1015,84.0,7.0,381.08200149587503,0.0,20.0
1016,84.0,8.0,361.982275932282,0.0,20.0
1017,84.0,9.0,336.634234732843,1.0,20.0
1018,84.0,10.0,388.097186379518,0.0,20.0
1019,84.0,11.0,14.4288498488532,1.0,20.0
1020,85.0,0.0,463.835093531573,0.0,42.0
1021,85.0,1.0,118.817176639727,0.0,42.0
1022,85.0,2.0,367.142106712274,2.0,42.0
1023,85.0,3.0,24.2931841861796,0.0,42.0
1024,85.0,4.0,68.0662855630943,2.0,42.0
1025,85.0,5.0,460.570202081464,0.0,42.0
1026,85.0,6.0,382.893882512742,2.0,42.0
1027,85.0,7.0,202.304511252445,2.0,42.0
1028,85.0,8.0,460.02895175125,1.0,42.0
1029,85.0,9.0,292.790067158777,1.0,42.0
1030,85.0,10.0,395.899052070802,1.0,42.0
1031,85.0,11.0,286.396274128424,0.0,42.0
1032,86.0,0.0,331.749226116859,0.0,44.0
1033,86.0,1.0,459.937152470964,2.0,44.0
1034,86.0,2.0,118.217863651874,2.0,44.0
1035,86.0,3.0,95.8586683318554,1.0,44.0
1036,86.0,4.0,148.414584548743,0.0,44.0
1037,86.0,5.0,294.994923564705,0.0,44.0
1038,86.0,6.0,294.243528988033,2.0,44.0
1039,86.0,7.0,381.80036434108894,2.0,44.0
1040,86.0,8.0,182.994691884148,0.0,44.0
1041,86.0,9.0,473.763691443699,1.0,44.0
1042,86.0,10.0,215.529517039084,1.0,44.0
1043,86.0,11.0,243.404509317538,1.0,44.0
1044,87.0,0.0,110.293253438069,0.0,8.0
1045,87.0,1.0,172.466702542925,1.0,8.0
1046,87.0,2.0,44.8675597349821,0.0,8.0
1047,87.0,3.0,258.391014601299,1.0,8.0
1048,87.0,4.0,419.554704676153,2.0,8.0
1049,87.0,5.0,387.850179767424,1.0,8.0
1050,87.0,6.0,439.182710923358,0.0,8.0
1051,87.0,7.0,218.36181086447,2.0,8.0
1052,87.0,8.0,385.117907752772,0.0,8.0
1053,87.0,9.0,266.029988731938,2.0,8.0
1054,87.0,10.0,120.801412312339,2.0,8.0
1055,87.0,11.0,122.904164437501,1.0,8.0
1056,88.0,0.0,483.75429490165,0.0,28.0
1057,88.0,1.0,373.52920020977,0.0,28.0
1058,88.0,2.0,158.43614376381,2.0,28.0
1059,88.0,3.0,410.221938587762,0.0,28.0
1060,88.0,4.0,451.950696407084,1.0,28.0
1061,88.0,5.0,379.58164724422,1.0,28.0
1062,88.0,6.0,333.896984581187,0.0,28.0
1063,88.0,7.0,357.567205951579,1.0,28.0
1064,88.0,8.0,296.048662451915,1.0,28.0
1065,88.0,9.0,140.009807402179,1.0,28.0
1066,88.0,10.0,155.314356980906,1.0,28.0
1067,88.0,11.0,381.912588435746,1.0,28.0
1068,90.0,0.0,261.788687461316,1.0,50.0
1069,90.0,1.0,467.133182659139,2.0,50.0
1070,90.0,2.0,360.020051510149,1.0,50.0
1071,90.0,3.0,350.35175935411,0.0,50.0
1072,90.0,4.0,144.295078777674,0.0,50.0
1073,90.0,5.0,179.217556599995,1.0,50.0
1074,90.0,6.0,429.703239636484,0.0,50.0
1075,90.0,7.0,285.41566925726,0.0,50.0
1076,90.0,8.0,196.453677836248,2.0,50.0
1077,90.0,9.0,369.87752671704,0.0,50.0
1078,90.0,10.0,421.108690581825,2.0,50.0
1079,90.0,11.0,354.812892018235,1.0,50.0
1080,91.0,0.0,224.45405079262,2.0,15.0
1081,91.0,1.0,410.39278958763697,1.0,15.0
1082,91.0,2.0,35.3176736124009,1.0,15.0
1083,91.0,3.0,432.693830863098,2.0,15.0
1084,91.0,4.0,280.826467102087,0.0,15.0
1085,91.0,5.0,433.994921865367,1.0,15.0
1086,91.0,6.0,152.122310661594,1.0,15.0
1087,91.0,7.0,400.373884623772,1.0,15.0
1088,91.0,8.0,290.155531740437,2.0,15.0
1089,91.0,9.0,15.9568180239195,0.0,15.0
1090,91.0,10.0,278.940745887904,0.0,15.0
1091,91.0,11.0,182.949666691655,1.0,15.0
1092,92.0,0.0,369.022534789237,1.0,51.0
1093,92.0,1.0,394.04232281721295,1.0,51.0
1094,92.0,2.0,345.867502778732,1.0,51.0
1095,92.0,3.0,193.221313036279,1.0,51.0
1096,92.0,4.0,339.024782846931,1.0,51.0
1097,92.0,5.0,214.983593410117,2.0,51.0
1098,92.0,6.0,146.147860283959,2.0,51.0
1099,92.0,7.0,490.380683061671,2.0,51.0
1100,92.0,8.0,97.8886941859831,2.0,51.0
1101,92.0,9.0,207.76449115718,0.0,51.0
1102,92.0,10.0,217.137032078027,1.0,51.0
1103,92.0,11.0,139.495368947733,2.0,51.0
1104,93.0,0.0,141.581540473128,1.0,33.0
1105,93.0,1.0,484.58329253294704,0.0,33.0
1106,93.0,2.0,47.0359707884928,0.0,33.0
1107,93.0,3.0,55.112823180413,2.0,33.0
1108,93.0,4.0,327.767361858157,1.0,33.0
1109,93.0,5.0,482.857531032691,1.0,33.0
1110,93.0,6.0,341.252881145748,1.0,33.0
1111,93.0,7.0,308.903634368948,0.0,33.0
1112,93.0,8.0,142.837164344392,1.0,33.0
1113,93.0,9.0,434.38686046972896,2.0,33.0
1114,93.0,10.0,61.8938441578412,1.0,33.0
1115,93.0,11.0,472.92076680370894,1.0,33.0
1116,94.0,0.0,442.66697416658894,0.0,25.0
1117,94.0,1.0,353.558401264562,1.0,25.0
1118,94.0,2.0,17.5434969287412,2.0,25.0
1119,94.0,3.0,230.624580610016,1.0,25.0
1120,94.0,4.0,421.502787265569,0.0,25.0
1121,94.0,5.0,488.733407675082,0.0,25.0
1122,94.0,6.0,222.455568389981,1.0,25.0
1123,94.0,7.0,376.70833134135296,2.0,25.0
1124,94.0,8.0,222.670276627292,1.0,25.0
1125,94.0,9.0,222.857626313239,2.0,25.0
1126,94.0,10.0,14.4365391743818,2.0,25.0
1127,94.0,11.0,310.512925594816,0.0,25.0
1128,95.0,0.0,128.59081919063,2.0,25.0
1129,95.0,1.0,107.642464868732,0.0,25.0
1130,95.0,2.0,16.7353214655592,1.0,25.0
1131,95.0,3.0,142.695100738117,0.0,25.0
1132,95.0,4.0,234.880853132442,2.0,25.0
1133,95.0,5.0,339.707117613059,0.0,25.0
1134,95.0,6.0,420.860998583082,0.0,25.0
1135,95.0,7.0,467.02814898505295,2.0,25.0
1136,95.0,8.0,312.223967847745,1.0,25.0
1137,95.0,9.0,265.510021841771,0.0,25.0
1138,95.0,10.0,461.175638147045,0.0,25.0
1139,95.0,11.0,141.738222047275,0.0,25.0
1140,96.0,0.0,336.56689328815,1.0,42.0
1141,96.0,1.0,318.821137533517,1.0,42.0
1142,96.0,2.0,219.524653514635,0.0,42.0
1143,96.0,3.0,468.777504519774,2.0,42.0
1144,96.0,4.0,153.267724101975,1.0,42.0
1145,96.0,5.0,157.512578138813,1.0,42.0
1146,96.0,6.0,37.5262779002451,0.0,42.0
1147,96.0,7.0,464.284208140629,0.0,42.0
1148,96.0,8.0,384.57595675699696,1.0,42.0
1149,96.0,9.0,331.035120116926,1.0,42.0
1150,96.0,10.0,88.1512086452656,1.0,42.0
1151,96.0,11.0,44.5410533651409,2.0,42.0
1152,97.0,0.0,335.467498644594,2.0,30.0
1153,97.0,1.0,345.715811838497,0.0,30.0
1154,97.0,2.0,161.80536890801,0.0,30.0
1155,97.0,3.0,272.42136929104,0.0,30.0
1156,97.0,4.0,415.99224297398,2.0,30.0
1157,97.0,5.0,457.75633749789694,0.0,30.0
1158,97.0,6.0,183.668224908597,0.0,30.0
1159,97.0,7.0,439.396522239733,0.0,30.0
1160,97.0,8.0,281.151882977388,2.0,30.0
1161,97.0,9.0,430.820217872396,1.0,30.0
1162,97.0,10.0,430.794496881241,0.0,30.0
1163,97.0,11.0,309.167909957558,1.0,30.0
1164,98.0,0.0,97.8340953122476,0.0,7.0
1165,98.0,1.0,67.6001370736078,1.0,7.0
1166,98.0,2.0,362.18241274823,2.0,7.0
1167,98.0,3.0,262.317341457497,0.0,7.0
1168,98.0,4.0,50.941625380238,2.0,7.0
1169,98.0,5.0,91.2166067129581,2.0,7.0
1170,98.0,6.0,128.353052433824,0.0,7.0
1171,98.0,7.0,61.6192873958533,0.0,7.0
1172,98.0,8.0,264.420039682301,2.0,7.0
1173,98.0,9.0,130.222633941443,1.0,7.0
1174,98.0,10.0,201.606105872425,1.0,7.0
1175,98.0,11.0,117.581422382603,0.0,7.0
1176,99.0,0.0,311.987238103605,2.0,24.0
1177,99.0,1.0,220.182723380771,1.0,24.0
1178,99.0,2.0,354.051587129096,0.0,24.0
1179,99.0,3.0,211.85946656671,1.0,24.0
1180,99.0,4.0,270.926992543831,2.0,24.0
1181,99.0,5.0,67.4299137833144,0.0,24.0
1182,99.0,6.0,349.116087041941,2.0,24.0
1183,99.0,7.0,448.880641033202,0.0,24.0
1184,99.0,8.0,215.443113971351,2.0,24.0
1185,99.0,9.0,43.8324940941539,0.0,24.0
1186,99.0,10.0,317.928963741148,0.0,24.0
1187,99.0,11.0,14.8896005626402,2.0,24.0
1188,2.0,0.0,419.697674571552,2.0,36.0
1189,2.0,1.0,247.696383389975,2.0,36.0
1190,2.0,2.0,231.134115384335,2.0,36.0
1191,2.0,3.0,442.45433961845,1.0,36.0
1192,2.0,4.0,200.034784059296,2.0,36.0
1193,2.0,5.0,109.701643823822,0.0,36.0
1194,2.0,6.0,200.808420099649,0.0,36.0
1195,2.0,7.0,42.6167166779692,1.0,36.0
1196,2.0,8.0,193.979774948585,1.0,36.0
1197,2.0,9.0,498.619353412446,1.0,36.0
1198,2.0,10.0,117.854549693329,1.0,36.0
1199,2.0,11.0,43.6697020847409,2.0,36.0
